AA,STK,USD,NYSE
AAL,STK,USD,NASDAQ
AAN,STK,USD,NYSE
AAXJ,STK,USD,NASDAQ
AAXN,STK,USD,NASDAQ
ABB,STK,USD,NYSE
ABEO,STK,USD,NASDAQ
ABEV,STK,USD,NYSE
ABR,STK,USD,NYSE
ACA,STK,USD,NYSE
ACAD,STK,USD,NASDAQ
ACB,STK,USD,NYSE
ACC,STK,USD,NYSE
ACGL,STK,USD,NASDAQ
ACHC,STK,USD,NASDAQ
ACHN,STK,USD,NASDAQ
ACIW,STK,USD,NASDAQ
ACM,STK,USD,NYSE
ACOR,STK,USD,NASDAQ
ACRX,STK,USD,NASDAQ
ACST,STK,USD,NASDAQ
ACWI,STK,USD,NASDAQ
ACWX,STK,USD,NASDAQ
ADAP,STK,USD,NASDAQ
ADM,STK,USD,NYSE
ADMA,STK,USD,NASDAQ
ADMP,STK,USD,NASDAQ
ADNT,STK,USD,NYSE
ADPT,STK,USD,NASDAQ
ADRO,STK,USD,NASDAQ
ADSW,STK,USD,NYSE
ADT,STK,USD,NYSE
ADVM,STK,USD,NASDAQ
ADXS,STK,USD,NASDAQ
AEE,STK,USD,NYSE
AEG,STK,USD,NYSE
AEL,STK,USD,NYSE
AEM,STK,USD,NYSE
AEO,STK,USD,NYSE
AER,STK,USD,NYSE
AERI,STK,USD,NASDAQ
AES,STK,USD,NYSE
AFL,STK,USD,NYSE
AFMD,STK,USD,NASDAQ
AG,STK,USD,NYSE
AGEN,STK,USD,NASDAQ
AGI,STK,USD,NYSE
AGIO,STK,USD,NASDAQ
AGNC,STK,USD,NASDAQ
AGQ,STK,USD,AMEX
AGRX,STK,USD,NASDAQ
AGS,STK,USD,NYSE
AHH,STK,USD,NYSE
AIG,STK,USD,NYSE
AINV,STK,USD,NASDAQ
AIV,STK,USD,NYSE
AKBA,STK,USD,NASDAQ
AKR,STK,USD,NYSE
AKRX,STK,USD,NASDAQ
AKS,STK,USD,NYSE
AL,STK,USD,NYSE
ALB,STK,USD,NYSE
ALC,STK,USD,NYSE
ALE,STK,USD,NYSE
ALK,STK,USD,NYSE
ALKS,STK,USD,NASDAQ
ALLO,STK,USD,NASDAQ
ALLY,STK,USD,NYSE
ALSN,STK,USD,NYSE
AM,STK,USD,NYSE
AMAT,STK,USD,NASDAQ
AMC,STK,USD,NYSE
AMCR,STK,USD,NYSE
AMD,STK,USD,NASDAQ
AMH,STK,USD,NYSE
AMJ,STK,USD,AMEX
AMKR,STK,USD,NASDAQ
AMLP,STK,USD,AMEX
AMRN,STK,USD,NASDAQ
AMRS,STK,USD,NASDAQ
AMRX,STK,USD,NYSE
AMTD,STK,USD,NASDAQ
AMX,STK,USD,NYSE
AMZA,STK,USD,AMEX
ANAB,STK,USD,NASDAQ
ANF,STK,USD,NYSE
ANGI,STK,USD,NASDAQ
ANH,STK,USD,NYSE
AOBC,STK,USD,NASDAQ
AOS,STK,USD,NYSE
APA,STK,USD,NYSE
APHA,STK,USD,NYSE
APLE,STK,USD,NYSE
APLS,STK,USD,NASDAQ
APO,STK,USD,NYSE
APPS,STK,USD,NASDAQ
APVO,STK,USD,NASDAQ
APY,STK,USD,NYSE
AQMS,STK,USD,NASDAQ
AQN,STK,USD,NYSE
AQST,STK,USD,NASDAQ
AQUA,STK,USD,NYSE
AR,STK,USD,NYSE
ARCC,STK,USD,NASDAQ
ARCO,STK,USD,NYSE
ARDX,STK,USD,NASDAQ
ARES,STK,USD,NYSE
ARI,STK,USD,NYSE
ARLO,STK,USD,NYSE
ARLP,STK,USD,NASDAQ
ARMK,STK,USD,NYSE
ARNC,STK,USD,NYSE
AROC,STK,USD,NYSE
ARQL,STK,USD,NASDAQ
ARR,STK,USD,NYSE
ARWR,STK,USD,NASDAQ
ASB,STK,USD,NYSE
ASH,STK,USD,NYSE
ASHR,STK,USD,AMEX
ASLN,STK,USD,NASDAQ
ASNA,STK,USD,NASDAQ
ASRT,STK,USD,NASDAQ
ASX,STK,USD,NYSE
ATH,STK,USD,NYSE
ATI,STK,USD,NYSE
ATNM,STK,USD,AMEX
ATNX,STK,USD,NASDAQ
ATRA,STK,USD,NASDAQ
ATRS,STK,USD,NASDAQ
ATUS,STK,USD,NYSE
ATVI,STK,USD,NASDAQ
AU,STK,USD,NYSE
AUPH,STK,USD,NASDAQ
AUY,STK,USD,NYSE
AVDL,STK,USD,NASDAQ
AVEO,STK,USD,NASDAQ
AVLR,STK,USD,NYSE
AVP,STK,USD,NYSE
AVT,STK,USD,NASDAQ
AVTR,STK,USD,NYSE
AVXL,STK,USD,NASDAQ
AVYA,STK,USD,NYSE
AXAS,STK,USD,NASDAQ
AXL,STK,USD,NYSE
AXNX,STK,USD,NASDAQ
AXSM,STK,USD,NASDAQ
AXTA,STK,USD,NYSE
AXU,STK,USD,AMEX
AZN,STK,USD,NYSE
AZUL,STK,USD,NYSE
BAC,STK,USD,NYSE
BAH,STK,USD,NYSE
BAM,STK,USD,NYSE
BB,STK,USD,NYSE
BBAR,STK,USD,NYSE
BBBY,STK,USD,NASDAQ
BBD,STK,USD,NYSE
BBL,STK,USD,NYSE
BBT,STK,USD,NYSE
BBVA,STK,USD,NYSE
BC,STK,USD,NYSE
BCE,STK,USD,NYSE
BCRX,STK,USD,NASDAQ
BCS,STK,USD,NYSE
BDN,STK,USD,NYSE
BDSI,STK,USD,NASDAQ
BE,STK,USD,NYSE
BECN,STK,USD,NASDAQ
BEN,STK,USD,NYSE
BERY,STK,USD,NYSE
BEST,STK,USD,NYSE
BF.B,NYSE
BG,STK,USD,NYSE
BGCP,STK,USD,NASDAQ
BGG,STK,USD,NYSE
BGS,STK,USD,NYSE
BHC,STK,USD,NYSE
BHF,STK,USD,NASDAQ
BHP,STK,USD,NYSE
BHVN,STK,USD,NYSE
BIG,STK,USD,NYSE
BILI,STK,USD,NASDAQ
BIOC,STK,USD,NASDAQ
BIOS,STK,USD,NASDAQ
BJ,STK,USD,NYSE
BK,STK,USD,NYSE
BKD,STK,USD,NYSE
BKE,STK,USD,NYSE
BKI,STK,USD,NYSE
BKLN,STK,USD,AMEX
BKR,STK,USD,NYSE
BLDP,STK,USD,NASDAQ
BLDR,STK,USD,NASDAQ
BLL,STK,USD,NYSE
BLMN,STK,USD,NASDAQ
BLUE,STK,USD,NASDAQ
BMA,STK,USD,NYSE
BMRN,STK,USD,NASDAQ
BMY,STK,USD,NYSE
BMY.P,NYSE
BNDX,STK,USD,NASDAQ
BNED,STK,USD,NYSE
BNGO,STK,USD,NASDAQ
BNO,STK,USD,AMEX
BNS,STK,USD,NYSE
BOLD,STK,USD,NASDAQ
BOOT,STK,USD,NYSE
BOTZ,STK,USD,NASDAQ
BOX,STK,USD,NYSE
BP,STK,USD,NYSE
BPFH,STK,USD,NASDAQ
BPMX,STK,USD,AMEX
BPR,STK,USD,NASDAQ
BPY,STK,USD,NASDAQ
BREW,STK,USD,NASDAQ
BRFS,STK,USD,NYSE
BRMK,STK,USD,NYSE
BRO,STK,USD,NYSE
BROGR,STK,USD,NASDAQ
BROGW,STK,USD,NASDAQ
BRP,STK,USD,NASDAQ
BRX,STK,USD,NYSE
BRY,STK,USD,NASDAQ
BRZU,STK,USD,AMEX
BSAC,STK,USD,NYSE
BSBR,STK,USD,NYSE
BSX,STK,USD,NYSE
BTE,STK,USD,NYSE
BTG,STK,USD,AMEX
BTI,STK,USD,NYSE
BTU,STK,USD,NYSE
BUD,STK,USD,NYSE
BVN,STK,USD,NYSE
BWA,STK,USD,NYSE
BX,STK,USD,NYSE
BXMT,STK,USD,NYSE
BYD,STK,USD,NYSE
BYND,STK,USD,NASDAQ
BZUN,STK,USD,NASDAQ
C,STK,USD,NYSE
CADE,STK,USD,NYSE
CAG,STK,USD,NYSE
CAH,STK,USD,NYSE
CAKE,STK,USD,NASDAQ
CAL,STK,USD,NYSE
CAR,STK,USD,NASDAQ
CARA,STK,USD,NASDAQ
CARG,STK,USD,NASDAQ
CARS,STK,USD,NYSE
CBAY,STK,USD,NASDAQ
CBD,STK,USD,NYSE
CBL,STK,USD,NYSE
CBRE,STK,USD,NYSE
CBSH,STK,USD,NASDAQ
CC,STK,USD,NYSE
CCC,STK,USD,NYSE
CCEP,STK,USD,NYSE
CCJ,STK,USD,NYSE
CCK,STK,USD,NYSE
CCL,STK,USD,NYSE
CCO,STK,USD,NYSE
CCXI,STK,USD,NASDAQ
CDAY,STK,USD,NYSE
CDE,STK,USD,NYSE
CDEV,STK,USD,NASDAQ
CDK,STK,USD,NASDAQ
CDNA,STK,USD,NASDAQ
CDNS,STK,USD,NASDAQ
CDXC,STK,USD,NASDAQ
CECO,STK,USD,NASDAQ
CEI,STK,USD,AMEX
CEM,STK,USD,NYSE
CEN,STK,USD,NYSE
CENTA,STK,USD,NASDAQ
CENX,STK,USD,NASDAQ
CEQP,STK,USD,NYSE
CERN,STK,USD,NASDAQ
CERS,STK,USD,NASDAQ
CF,STK,USD,NYSE
CFFN,STK,USD,NASDAQ
CFG,STK,USD,NYSE
CFX,STK,USD,NYSE
CG,STK,USD,NASDAQ
CGC,STK,USD,NYSE
CGIX,STK,USD,NASDAQ
CGNX,STK,USD,NASDAQ
CHD,STK,USD,NYSE
CHFS,STK,USD,NASDAQ
CHGG,STK,USD,NYSE
CHK,STK,USD,NYSE
CHL,STK,USD,NYSE
CHNG,STK,USD,NASDAQ
CHRS,STK,USD,NASDAQ
CHRW,STK,USD,NASDAQ
CHS,STK,USD,NYSE
CHWY,STK,USD,NYSE
CIEN,STK,USD,NYSE
CIG,STK,USD,NYSE
CIM,STK,USD,NYSE
CISN,STK,USD,NYSE
CIT,STK,USD,NYSE
CJJD,STK,USD,NASDAQ
CL,STK,USD,NYSE
CLDR,STK,USD,NYSE
CLF,STK,USD,NYSE
CLI,STK,USD,NYSE
CLNC,STK,USD,NYSE
CLNE,STK,USD,NASDAQ
CLNY,STK,USD,NYSE
CLR,STK,USD,NYSE
CLVS,STK,USD,NASDAQ
CMA,STK,USD,NYSE
CMC,STK,USD,NYSE
CMCSA,STK,USD,NASDAQ
CMRE,STK,USD,NYSE
CMS,STK,USD,NYSE
CNC,STK,USD,NYSE
CNDT,STK,USD,NYSE
CNHI,STK,USD,NYSE
CNK,STK,USD,NYSE
CNNE,STK,USD,NYSE
CNO,STK,USD,NYSE
CNP,STK,USD,NYSE
CNQ,STK,USD,NYSE
CNR,STK,USD,NYSE
CNX,STK,USD,NYSE
COG,STK,USD,NYSE
COLD,STK,USD,NYSE
COMM,STK,USD,NASDAQ
CONE,STK,USD,NASDAQ
CONN,STK,USD,NASDAQ
COOP,STK,USD,NASDAQ
COP,STK,USD,NYSE
CORT,STK,USD,NASDAQ
CORV,STK,USD,NASDAQ
COTY,STK,USD,NYSE
CPB,STK,USD,NYSE
CPE,STK,USD,NYSE
CPG,STK,USD,NYSE
CPRI,STK,USD,NYSE
CPRX,STK,USD,NASDAQ
CRBP,STK,USD,NASDAQ
CRC,STK,USD,NYSE
CREE,STK,USD,NASDAQ
CRIS,STK,USD,NASDAQ
CRNT,STK,USD,NASDAQ
CRON,STK,USD,NASDAQ
CROX,STK,USD,NASDAQ
CRR,STK,USD,NYSE
CRSP,STK,USD,NASDAQ
CRUS,STK,USD,NASDAQ
CRWD,STK,USD,NASDAQ
CRZO,STK,USD,NASDAQ
CS,STK,USD,NYSE
CSCO,STK,USD,NASDAQ
CSIQ,STK,USD,NASDAQ
CSLT,STK,USD,NYSE
CSTM,STK,USD,NYSE
CSX,STK,USD,NASDAQ
CTL,STK,USD,NYSE
CTLT,STK,USD,NYSE
CTRE,STK,USD,NASDAQ
CTSH,STK,USD,NASDAQ
CTST,STK,USD,NYSE
CTVA,STK,USD,NYSE
CUBE,STK,USD,NYSE
CUZ,STK,USD,NYSE
CVBF,STK,USD,NASDAQ
CVE,STK,USD,NYSE
CVEO,STK,USD,NYSE
CVET,STK,USD,NASDAQ
CVI,STK,USD,NYSE
CVIA,STK,USD,NYSE
CVS,STK,USD,NYSE
CWB,STK,USD,AMEX
CWEN,STK,USD,NYSE
CWH,STK,USD,NYSE
CWK,STK,USD,NYSE
CX,STK,USD,NYSE
CXO,STK,USD,NYSE
CXP,STK,USD,NYSE
CXW,STK,USD,NYSE
CY,STK,USD,NASDAQ
CYH,STK,USD,NYSE
CYOU,STK,USD,NASDAQ
CYTK,STK,USD,NASDAQ
CZR,STK,USD,NASDAQ
CZZ,STK,USD,NYSE
DAL,STK,USD,NYSE
DAN,STK,USD,NYSE
DAR,STK,USD,NYSE
DB,STK,USD,NYSE
DBC,STK,USD,AMEX
DBD,STK,USD,NYSE
DBEF,STK,USD,AMEX
DBI,STK,USD,NYSE
DBX,STK,USD,NASDAQ
DCI,STK,USD,NYSE
DCP,STK,USD,NYSE
DD,STK,USD,NYSE
DDD,STK,USD,NYSE
DDOG,STK,USD,NASDAQ
DEA,STK,USD,NYSE
DEI,STK,USD,NYSE
DELL,STK,USD,NYSE
DENN,STK,USD,NASDAQ
DERM,STK,USD,NASDAQ
DFFN,STK,USD,NASDAQ
DGRO,STK,USD,AMEX
DHI,STK,USD,NYSE
DHT,STK,USD,NYSE
DISCA,STK,USD,NASDAQ
DISCK,STK,USD,NASDAQ
DISH,STK,USD,NASDAQ
DISHR,STK,USD,NASDAQ
DK,STK,USD,NYSE
DKS,STK,USD,NYSE
DLPH,STK,USD,NYSE
DLTH,STK,USD,NASDAQ
DNKN,STK,USD,NASDAQ
DNOW,STK,USD,NYSE
DNR,STK,USD,NYSE
DO,STK,USD,NYSE
DOC,STK,USD,NYSE
DOCU,STK,USD,NASDAQ
DOMO,STK,USD,NASDAQ
DOW,STK,USD,NYSE
DOX,STK,USD,NASDAQ
DOYU,STK,USD,NASDAQ
DPLO,STK,USD,NYSE
DQ,STK,USD,NYSE
DRE,STK,USD,NYSE
DRH,STK,USD,NYSE
DRRX,STK,USD,NASDAQ
DT,STK,USD,NYSE
DTIL,STK,USD,NASDAQ
DUST,STK,USD,AMEX
DVA,STK,USD,NYSE
DVAX,STK,USD,NASDAQ
DVN,STK,USD,NYSE
DWT,STK,USD,AMEX
DXC,STK,USD,NYSE
DXD,STK,USD,AMEX
DXJ,STK,USD,AMEX
EAF,STK,USD,NYSE
EB,STK,USD,NYSE
EBAY,STK,USD,NASDAQ
EC,STK,USD,NYSE
ECA,STK,USD,NYSE
ECH,STK,USD,AMEX
EDIT,STK,USD,NASDAQ
EEM,STK,USD,AMEX
EFA,STK,USD,AMEX
EFC,STK,USD,NYSE
EFOI,STK,USD,NASDAQ
EFV,STK,USD,AMEX
EGHT,STK,USD,NYSE
EGO,STK,USD,NYSE
EIX,STK,USD,NYSE
ELAN,STK,USD,NYSE
ELF,STK,USD,NYSE
ELP,STK,USD,NYSE
ELS,STK,USD,NYSE
ELY,STK,USD,NYSE
EMLC,STK,USD,AMEX
EMLP,STK,USD,AMEX
EMN,STK,USD,NYSE
EMO,STK,USD,NYSE
EMR,STK,USD,NYSE
ENB,STK,USD,NYSE
ENBL,STK,USD,NYSE
ENDP,STK,USD,NASDAQ
ENIA,STK,USD,NYSE
ENIC,STK,USD,NYSE
ENLC,STK,USD,NYSE
ENPH,STK,USD,NASDAQ
ENR,STK,USD,NYSE
ENTG,STK,USD,NASDAQ
EOG,STK,USD,NYSE
EPD,STK,USD,NYSE
EPI,STK,USD,AMEX
EPP,STK,USD,AMEX
EPR,STK,USD,NYSE
EPZM,STK,USD,NASDAQ
EQH,STK,USD,NYSE
EQM,STK,USD,NYSE
EQNR,STK,USD,NYSE
EQT,STK,USD,NYSE
ERF,STK,USD,NYSE
ERI,STK,USD,NASDAQ
ERIC,STK,USD,NASDAQ
ERJ,STK,USD,NYSE
EROS,STK,USD,NYSE
ERX,STK,USD,AMEX
ESI,STK,USD,NYSE
ESPR,STK,USD,NASDAQ
ESRT,STK,USD,NYSE
ESTC,STK,USD,NYSE
ET,STK,USD,NYSE
ETFC,STK,USD,NASDAQ
ETM,STK,USD,NYSE
ETRN,STK,USD,NYSE
ETSY,STK,USD,NASDAQ
EUFN,STK,USD,NASDAQ
EURN,STK,USD,NYSE
EV,STK,USD,NYSE
EVER,STK,USD,NASDAQ
EVH,STK,USD,NYSE
EVRG,STK,USD,NYSE
EVRI,STK,USD,NYSE
EWA,STK,USD,AMEX
EWBC,STK,USD,NASDAQ
EWC,STK,USD,AMEX
EWG,STK,USD,AMEX
EWH,STK,USD,AMEX
EWI,STK,USD,AMEX
EWJ,STK,USD,AMEX
EWL,STK,USD,AMEX
EWN,STK,USD,AMEX
EWP,STK,USD,AMEX
EWQ,STK,USD,AMEX
EWS,STK,USD,AMEX
EWT,STK,USD,AMEX
EWU,STK,USD,AMEX
EWW,STK,USD,AMEX
EWY,STK,USD,AMEX
EWZ,STK,USD,AMEX
EXC,STK,USD,NASDAQ
EXEL,STK,USD,NASDAQ
EXG,STK,USD,NYSE
EXK,STK,USD,NYSE
EXPD,STK,USD,NASDAQ
EXPR,STK,USD,NYSE
EXTR,STK,USD,NASDAQ
EYPT,STK,USD,NASDAQ
EZPW,STK,USD,NASDAQ
EZU,STK,USD,AMEX
F,STK,USD,NYSE
FAAR,STK,USD,NASDAQ
FAF,STK,USD,NYSE
FAST,STK,USD,NASDAQ
FATE,STK,USD,NASDAQ
FAX,STK,USD,AMEX
FBHS,STK,USD,NYSE
FBP,STK,USD,NYSE
FCAU,STK,USD,NYSE
FCEL,STK,USD,NASDAQ
FCG,STK,USD,AMEX
FCX,STK,USD,NYSE
FE,STK,USD,NYSE
FET,STK,USD,NYSE
FEYE,STK,USD,NASDAQ
FEZ,STK,USD,AMEX
FG,STK,USD,NYSE
FGEN,STK,USD,NASDAQ
FGP,STK,USD,NYSE
FHB,STK,USD,NASDAQ
FHN,STK,USD,NYSE
FI,STK,USD,NYSE
FINV,STK,USD,NYSE
FIT,STK,USD,NYSE
FITB,STK,USD,NASDAQ
FIVN,STK,USD,NASDAQ
FIZZ,STK,USD,NASDAQ
FL,STK,USD,NYSE
FLDM,STK,USD,NASDAQ
FLEX,STK,USD,NASDAQ
FLO,STK,USD,NYSE
FLOT,STK,USD,AMEX
FLR,STK,USD,NYSE
FLRN,STK,USD,AMEX
FLS,STK,USD,NYSE
FLWS,STK,USD,NASDAQ
FLXN,STK,USD,NASDAQ
FMBI,STK,USD,NASDAQ
FMO,STK,USD,NYSE
FNB,STK,USD,NYSE
FND,STK,USD,NYSE
FNF,STK,USD,NYSE
FNKO,STK,USD,NASDAQ
FOE,STK,USD,NYSE
FOLD,STK,USD,NASDAQ
FOMX,STK,USD,NASDAQ
FORM,STK,USD,NASDAQ
FOSL,STK,USD,NASDAQ
FOX,STK,USD,NASDAQ
FOXA,STK,USD,NASDAQ
FPE,STK,USD,AMEX
FR,STK,USD,NYSE
FRO,STK,USD,NYSE
FSK,STK,USD,NYSE
FSLR,STK,USD,NASDAQ
FSLY,STK,USD,NYSE
FSM,STK,USD,NYSE
FTCH,STK,USD,NYSE
FTDR,STK,USD,NASDAQ
FTI,STK,USD,NYSE
FTK,STK,USD,NYSE
FTR,STK,USD,NASDAQ
FTS,STK,USD,NYSE
FTSM,STK,USD,NASDAQ
FTV,STK,USD,NYSE
FULT,STK,USD,NASDAQ
FUMB,STK,USD,AMEX
FVD,STK,USD,AMEX
FWONK,STK,USD,NASDAQ
FXI,STK,USD,AMEX
G,STK,USD,NYSE
GASL,STK,USD,AMEX
GBDC,STK,USD,NASDAQ
GBT,STK,USD,NASDAQ
GCI,STK,USD,NYSE
GCO,STK,USD,NYSE
GDDY,STK,USD,NYSE
GDI,STK,USD,NYSE
GDOT,STK,USD,NYSE
GDS,STK,USD,NASDAQ
GDX,STK,USD,AMEX
GDXJ,STK,USD,AMEX
GE,STK,USD,NYSE
GEL,STK,USD,NYSE
GEMP,STK,USD,NASDAQ
GEO,STK,USD,NYSE
GER,STK,USD,NYSE
GERN,STK,USD,NASDAQ
GES,STK,USD,NYSE
GFI,STK,USD,NYSE
GGAL,STK,USD,NASDAQ
GGB,STK,USD,NYSE
GGG,STK,USD,NYSE
GGN,STK,USD,AMEX
GH,STK,USD,NASDAQ
GHSI,STK,USD,NASDAQ
GIII,STK,USD,NASDAQ
GIL,STK,USD,NYSE
GILD,STK,USD,NASDAQ
GIS,STK,USD,NYSE
GLDD,STK,USD,NASDAQ
GLDM,STK,USD,AMEX
GLNG,STK,USD,NASDAQ
GLPI,STK,USD,NASDAQ
GLUU,STK,USD,NASDAQ
GLW,STK,USD,NYSE
GM,STK,USD,NYSE
GME,STK,USD,NYSE
GMED,STK,USD,NYSE
GMLP,STK,USD,NASDAQ
GMS,STK,USD,NYSE
GNC,STK,USD,NYSE
GNMK,STK,USD,NASDAQ
GNMX,STK,USD,NASDAQ
GNTX,STK,USD,NASDAQ
GNW,STK,USD,NYSE
GO,STK,USD,NASDAQ
GOGO,STK,USD,NASDAQ
GOL,STK,USD,NYSE
GOLD,STK,USD,NYSE
GOOS,STK,USD,NYSE
GORO,STK,USD,AMEX
GOVT,STK,USD,AMEX
GPK,STK,USD,NYSE
GPL,STK,USD,AMEX
GPOR,STK,USD,NASDAQ
GPRE,STK,USD,NASDAQ
GPRO,STK,USD,NASDAQ
GPS,STK,USD,NYSE
GREK,STK,USD,AMEX
GRFS,STK,USD,NASDAQ
GRPN,STK,USD,NASDAQ
GRUB,STK,USD,NYSE
GSAT,STK,USD,AMEX
GSB,STK,USD,AMEX
GSIE,STK,USD,AMEX
GSK,STK,USD,NYSE
GSV,STK,USD,AMEX
GSX,STK,USD,NYSE
GT,STK,USD,NASDAQ
GTE,STK,USD,AMEX
GTES,STK,USD,NYSE
GTHX,STK,USD,NASDAQ
GTT,STK,USD,NYSE
GTX,STK,USD,NYSE
GUNR,STK,USD,AMEX
GUSH,STK,USD,AMEX
GVA,STK,USD,NYSE
HAL,STK,USD,NYSE
HALO,STK,USD,NASDAQ
HBAN,STK,USD,NASDAQ
HBI,STK,USD,NYSE
HBM,STK,USD,NYSE
HCC,STK,USD,NYSE
HCR,STK,USD,NYSE
HCSG,STK,USD,NASDAQ
HDB,STK,USD,NYSE
HDS,STK,USD,NASDAQ
HEP,STK,USD,NYSE
HES,STK,USD,NYSE
HEXO,STK,USD,NYSE
HFC,STK,USD,NYSE
HGV,STK,USD,NYSE
HI,STK,USD,NYSE
HIG,STK,USD,NYSE
HIIQ,STK,USD,NASDAQ
HIMX,STK,USD,NASDAQ
HIW,STK,USD,NYSE
HL,STK,USD,NYSE
HLF,STK,USD,NYSE
HLIT,STK,USD,NASDAQ
HLX,STK,USD,NYSE
HMHC,STK,USD,NASDAQ
HMI,STK,USD,NYSE
HMY,STK,USD,NYSE
HOG,STK,USD,NYSE
HOLX,STK,USD,NASDAQ
HOMB,STK,USD,NASDAQ
HOME,STK,USD,NYSE
HOPE,STK,USD,NASDAQ
HP,STK,USD,NYSE
HPE,STK,USD,NYSE
HPP,STK,USD,NYSE
HPQ,STK,USD,NYSE
HPR,STK,USD,NYSE
HQY,STK,USD,NASDAQ
HR,STK,USD,NYSE
HRB,STK,USD,NYSE
HRL,STK,USD,NYSE
HRTX,STK,USD,NASDAQ
HSAC,STK,USD,NASDAQ
HSBC,STK,USD,NYSE
HSIC,STK,USD,NASDAQ
HST,STK,USD,NYSE
HT,STK,USD,NYSE
HTA,STK,USD,NYSE
HTGC,STK,USD,NYSE
HTHT,STK,USD,NASDAQ
HTZ,STK,USD,NYSE
HUN,STK,USD,NYSE
HUYA,STK,USD,NYSE
HZNP,STK,USD,NASDAQ
I,STK,USD,NYSE
IAA,STK,USD,NYSE
IAG,STK,USD,NYSE
IAU,STK,USD,AMEX
IBIO,STK,USD,AMEX
IBKR,STK,USD,NASDAQ
IBN,STK,USD,NYSE
ICSH,STK,USD,AMEX
IDEX,STK,USD,NASDAQ
IDV,STK,USD,AMEX
IEFA,STK,USD,AMEX
IEMG,STK,USD,AMEX
IFRX,STK,USD,NASDAQ
IGD,STK,USD,NYSE
IGIB,STK,USD,NASDAQ
IGSB,STK,USD,NASDAQ
IGT,STK,USD,NYSE
IIVI,STK,USD,NASDAQ
ILF,STK,USD,AMEX
ILPT,STK,USD,NASDAQ
IMGN,STK,USD,NASDAQ
IMMU,STK,USD,NASDAQ
INAP,STK,USD,NASDAQ
INDA,STK,USD,AMEX
INFN,STK,USD,NASDAQ
INFO,STK,USD,NYSE
INFY,STK,USD,NYSE
ING,STK,USD,NYSE
INMD,STK,USD,NASDAQ
INN,STK,USD,NYSE
INO,STK,USD,NASDAQ
INPX,STK,USD,NASDAQ
INSG,STK,USD,NASDAQ
INSM,STK,USD,NASDAQ
INST,STK,USD,NYSE
INTC,STK,USD,NASDAQ
INVA,STK,USD,NASDAQ
INVH,STK,USD,NYSE
IONS,STK,USD,NASDAQ
IOVA,STK,USD,NASDAQ
IP,STK,USD,NYSE
IPG,STK,USD,NYSE
IPHI,STK,USD,NYSE
IQ,STK,USD,NASDAQ
IRBT,STK,USD,NASDAQ
IRDM,STK,USD,NASDAQ
IRM,STK,USD,NYSE
IRWD,STK,USD,NASDAQ
ISBC,STK,USD,NASDAQ
ISEE,STK,USD,NASDAQ
ITB,STK,USD,AMEX
ITCI,STK,USD,NASDAQ
ITOT,STK,USD,AMEX
ITUB,STK,USD,NYSE
IUSG,STK,USD,NASDAQ
IVR,STK,USD,NYSE
IVZ,STK,USD,NYSE
IWR,STK,USD,AMEX
IXUS,STK,USD,NASDAQ
IYE,STK,USD,AMEX
JAG,STK,USD,NYSE
JBGS,STK,USD,NYSE
JBL,STK,USD,NYSE
JBLU,STK,USD,NASDAQ
JCI,STK,USD,NYSE
JCP,STK,USD,NYSE
JD,STK,USD,NASDAQ
JDST,STK,USD,AMEX
JEF,STK,USD,NYSE
JELD,STK,USD,NYSE
JHG,STK,USD,NYSE
JILL,STK,USD,NYSE
JKS,STK,USD,NYSE
JMIA,STK,USD,NYSE
JNCE,STK,USD,NASDAQ
JNPR,STK,USD,NYSE
JNUG,STK,USD,AMEX
JPST,STK,USD,AMEX
JQC,STK,USD,NYSE
JWN,STK,USD,NYSE
K,STK,USD,NYSE
KAR,STK,USD,NYSE
KBE,STK,USD,AMEX
KBH,STK,USD,NYSE
KBR,STK,USD,NYSE
KDMN,STK,USD,NYSE
KDP,STK,USD,NYSE
KEM,STK,USD,NYSE
KEY,STK,USD,NYSE
KFY,STK,USD,NYSE
KGC,STK,USD,NYSE
KHC,STK,USD,NASDAQ
KIM,STK,USD,NYSE
KIRK,STK,USD,NASDAQ
KKR,STK,USD,NYSE
KL,STK,USD,NYSE
KLXE,STK,USD,NASDAQ
KMI,STK,USD,NYSE
KMT,STK,USD,NYSE
KN,STK,USD,NYSE
KNX,STK,USD,NYSE
KO,STK,USD,NYSE
KOD,STK,USD,NASDAQ
KOS,STK,USD,NYSE
KPTI,STK,USD,NASDAQ
KR,STK,USD,NYSE
KRE,STK,USD,AMEX
KRG,STK,USD,NYSE
KSS,STK,USD,NYSE
KT,STK,USD,NYSE
KTB,STK,USD,NYSE
KTOS,STK,USD,NASDAQ
KWEB,STK,USD,AMEX
KYN,STK,USD,NYSE
L,STK,USD,NYSE
LABD,STK,USD,AMEX
LABU,STK,USD,AMEX
LADR,STK,USD,NYSE
LAUR,STK,USD,NASDAQ
LB,STK,USD,NYSE
LBRT,STK,USD,NYSE
LBTYA,STK,USD,NASDAQ
LBTYK,STK,USD,NASDAQ
LCI,STK,USD,NYSE
LCTX,STK,USD,AMEX
LEG,STK,USD,NYSE
LEN,STK,USD,NYSE
LEVI,STK,USD,NYSE
LGC,STK,USD,NYSE
LGF.A,NYSE
LGF.B,NYSE
LITE,STK,USD,NASDAQ
LJPC,STK,USD,NASDAQ
LK,STK,USD,NASDAQ
LKQ,STK,USD,NASDAQ
LKSD,STK,USD,NYSE
LL,STK,USD,NYSE
LLNW,STK,USD,NASDAQ
LM,STK,USD,NYSE
LNC,STK,USD,NYSE
LNG,STK,USD,AMEX
LNT,STK,USD,NASDAQ
LOCO,STK,USD,NASDAQ
LPCN,STK,USD,NASDAQ
LPI,STK,USD,NYSE
LPT,STK,USD,NYSE
LPX,STK,USD,NYSE
LSCC,STK,USD,NASDAQ
LSXMA,STK,USD,NASDAQ
LSXMK,STK,USD,NASDAQ
LTHM,STK,USD,NYSE
LTRPA,STK,USD,NASDAQ
LTS,STK,USD,AMEX
LUV,STK,USD,NYSE
LVGO,STK,USD,NASDAQ
LVS,STK,USD,NYSE
LX,STK,USD,NASDAQ
LXP,STK,USD,NYSE
LXRX,STK,USD,NASDAQ
LYFT,STK,USD,NASDAQ
LYG,STK,USD,NYSE
LYV,STK,USD,NYSE
M,STK,USD,NYSE
MAC,STK,USD,NYSE
MAS,STK,USD,NYSE
MAT,STK,USD,NASDAQ
MAXR,STK,USD,NYSE
MBII,STK,USD,NASDAQ
MBIO,STK,USD,NASDAQ
MBT,STK,USD,NYSE
MC,STK,USD,NYSE
MCEP,STK,USD,NASDAQ
MCHI,STK,USD,NASDAQ
MD,STK,USD,NYSE
MDLA,STK,USD,NYSE
MDLZ,STK,USD,NASDAQ
MDR,STK,USD,NYSE
MDRX,STK,USD,NASDAQ
MDU,STK,USD,NYSE
MEET,STK,USD,NASDAQ
MET,STK,USD,NYSE
MFA,STK,USD,NYSE
MFC,STK,USD,NYSE
MGA,STK,USD,NYSE
MGI,STK,USD,NASDAQ
MGM,STK,USD,NYSE
MGP,STK,USD,NYSE
MGY,STK,USD,NYSE
MIK,STK,USD,NASDAQ
MLCO,STK,USD,NASDAQ
MLPA,STK,USD,AMEX
MLPI,STK,USD,AMEX
MLPX,STK,USD,AMEX
MLSS,STK,USD,AMEX
MMP,STK,USD,NYSE
MMSI,STK,USD,NASDAQ
MNK,STK,USD,NYSE
MNKD,STK,USD,NASDAQ
MNST,STK,USD,NASDAQ
MNTA,STK,USD,NASDAQ
MO,STK,USD,NYSE
MOBL,STK,USD,NASDAQ
MOD,STK,USD,NYSE
MOMO,STK,USD,NASDAQ
MOS,STK,USD,NYSE
MPC,STK,USD,NYSE
MPLX,STK,USD,NYSE
MPW,STK,USD,NYSE
MR,STK,USD,NYSE
MRNA,STK,USD,NASDAQ
MRNS,STK,USD,NASDAQ
MRO,STK,USD,NYSE
MRSN,STK,USD,NASDAQ
MRVL,STK,USD,NASDAQ
MS,STK,USD,NYSE
MT,STK,USD,NYSE
MTCH,STK,USD,NASDAQ
MTDR,STK,USD,NYSE
MTG,STK,USD,NYSE
MTH,STK,USD,NYSE
MTNB,STK,USD,AMEX
MTOR,STK,USD,NYSE
MTSI,STK,USD,NASDAQ
MTZ,STK,USD,NYSE
MU,STK,USD,NASDAQ
MUFG,STK,USD,NYSE
MUR,STK,USD,NYSE
MUX,STK,USD,NYSE
MWA,STK,USD,NYSE
MXIM,STK,USD,NASDAQ
MYL,STK,USD,NASDAQ
MYOV,STK,USD,NYSE
NAK,STK,USD,AMEX
NAKD,STK,USD,NASDAQ
NAT,STK,USD,NYSE
NATI,STK,USD,NASDAQ
NAVI,STK,USD,NASDAQ
NBEV,STK,USD,NASDAQ
NBL,STK,USD,NYSE
NBR,STK,USD,NYSE
NBRV,STK,USD,NASDAQ
NCLH,STK,USD,NYSE
NCR,STK,USD,NYSE
NE,STK,USD,NYSE
NEAR,STK,USD,AMEX
NEE-O,NYSE
NEM,STK,USD,NYSE
NEO,STK,USD,NASDAQ
NET,STK,USD,NYSE
NEWR,STK,USD,NYSE
NEX,STK,USD,NYSE
NFG,STK,USD,NYSE
NG,STK,USD,AMEX
NGD,STK,USD,AMEX
NGG,STK,USD,NYSE
NGL,STK,USD,NYSE
NI,STK,USD,NYSE
NIHD,STK,USD,NASDAQ
NIO,STK,USD,NYSE
NJR,STK,USD,NYSE
NKTR,STK,USD,NASDAQ
NLOK,STK,USD,NASDAQ
NLSN,STK,USD,NYSE
NLY,STK,USD,NYSE
NMFC,STK,USD,NYSE
NML,STK,USD,AMEX
NMRK,STK,USD,NASDAQ
NNBR,STK,USD,NASDAQ
NNN,STK,USD,NYSE
NOBL,STK,USD,AMEX
NOG,STK,USD,AMEX
NOK,STK,USD,NYSE
NOV,STK,USD,NYSE
NPTN,STK,USD,NYSE
NRG,STK,USD,NYSE
NRGX,STK,USD,NYSE
NRZ,STK,USD,NYSE
NSL,STK,USD,NYSE
NSP,STK,USD,NYSE
NTAP,STK,USD,NASDAQ
NTG,STK,USD,NYSE
NTLA,STK,USD,NASDAQ
NTNX,STK,USD,NASDAQ
NTR,STK,USD,NYSE
NTRA,STK,USD,NASDAQ
NTRP,STK,USD,NASDAQ
NUAN,STK,USD,NASDAQ
NUE,STK,USD,NYSE
NUGT,STK,USD,AMEX
NVAX,STK,USD,NASDAQ
NVO,STK,USD,NYSE
NVST,STK,USD,NYSE
NVT,STK,USD,NYSE
NVTA,STK,USD,NYSE
NWL,STK,USD,NASDAQ
NWS,STK,USD,NASDAQ
NWSA,STK,USD,NASDAQ
NXE,STK,USD,AMEX
NYCB,STK,USD,NYSE
NYMT,STK,USD,NASDAQ
NYT,STK,USD,NYSE
O,STK,USD,NYSE
OAS,STK,USD,NYSE
OC,STK,USD,NYSE
OCGN,STK,USD,NASDAQ
OCUL,STK,USD,NASDAQ
ODP,STK,USD,NASDAQ
OESX,STK,USD,NASDAQ
OGE,STK,USD,NYSE
OGEN,STK,USD,AMEX
OGI,STK,USD,NASDAQ
OHI,STK,USD,NYSE
OI,STK,USD,NYSE
OIB.C,NYSE
OIH,STK,USD,AMEX
OII,STK,USD,NYSE
OILD,STK,USD,AMEX
OILU,STK,USD,AMEX
OKE,STK,USD,NYSE
OLLI,STK,USD,NASDAQ
OLN,STK,USD,NYSE
OMC,STK,USD,NYSE
OMER,STK,USD,NASDAQ
OMF,STK,USD,NYSE
OMI,STK,USD,NYSE
ON,STK,USD,NASDAQ
ONB,STK,USD,NASDAQ
ONE,STK,USD,NYSE
ONTX,STK,USD,NASDAQ
OPK,STK,USD,NASDAQ
OR,STK,USD,NYSE
ORBC,STK,USD,NASDAQ
ORC,STK,USD,NYSE
ORCL,STK,USD,NYSE
ORGO,STK,USD,NASDAQ
ORI,STK,USD,NYSE
OSTK,STK,USD,NASDAQ
OSUR,STK,USD,NASDAQ
OTLK,STK,USD,NASDAQ
OUT,STK,USD,NYSE
OXLC,STK,USD,NASDAQ
OXY,STK,USD,NYSE
OZK,STK,USD,NASDAQ
PAA,STK,USD,NYSE
PAAS,STK,USD,NASDAQ
PACB,STK,USD,NASDAQ
PACW,STK,USD,NASDAQ
PAGP,STK,USD,NYSE
PAGS,STK,USD,NYSE
PAM,STK,USD,NYSE
PAYS,STK,USD,NASDAQ
PBA,STK,USD,NYSE
PBCT,STK,USD,NASDAQ
PBF,STK,USD,NYSE
PBI,STK,USD,NYSE
PBR,STK,USD,NYSE
PBR.A,NYSE
PBYI,STK,USD,NASDAQ
PCG,STK,USD,NYSE
PCY,STK,USD,AMEX
PD,STK,USD,NYSE
PDBC,STK,USD,NASDAQ
PDCE,STK,USD,NASDAQ
PDCO,STK,USD,NASDAQ
PDD,STK,USD,NASDAQ
PDLI,STK,USD,NASDAQ
PDM,STK,USD,NYSE
PDS,STK,USD,NYSE
PE,STK,USD,NYSE
PEAK,STK,USD,NYSE
PEB,STK,USD,NYSE
PEG,STK,USD,NYSE
PEGI,STK,USD,NASDAQ
PEI,STK,USD,NYSE
PENN,STK,USD,NASDAQ
PFE,STK,USD,NYSE
PFF,STK,USD,NASDAQ
PFG,STK,USD,NASDAQ
PFGC,STK,USD,NYSE
PGNX,STK,USD,NASDAQ
PGNY,STK,USD,NASDAQ
PGR,STK,USD,NYSE
PGRE,STK,USD,NYSE
PGTI,STK,USD,NYSE
PGX,STK,USD,AMEX
PHIO,STK,USD,NASDAQ
PHM,STK,USD,NYSE
PINC,STK,USD,NASDAQ
PING,STK,USD,NYSE
PINS,STK,USD,NYSE
PIRS,STK,USD,NASDAQ
PIXY,STK,USD,NASDAQ
PK,STK,USD,NYSE
PLAB,STK,USD,NASDAQ
PLAN,STK,USD,NYSE
PLAY,STK,USD,NASDAQ
PLCE,STK,USD,NASDAQ
PLNT,STK,USD,NYSE
PLT,STK,USD,NYSE
PLUG,STK,USD,NASDAQ
PMT,STK,USD,NYSE
PNR,STK,USD,NYSE
PNRL,STK,USD,NASDAQ
PPC,STK,USD,NASDAQ
PPL,STK,USD,NYSE
PRGO,STK,USD,NYSE
PRSP,STK,USD,NYSE
PRTK,STK,USD,NASDAQ
PRTY,STK,USD,NYSE
PRVB,STK,USD,NASDAQ
PS,STK,USD,NASDAQ
PSDO,STK,USD,NASDAQ
PSEC,STK,USD,NASDAQ
PSLV,STK,USD,AMEX
PSQ,STK,USD,AMEX
PSTG,STK,USD,NYSE
PTCT,STK,USD,NASDAQ
PTEN,STK,USD,NASDAQ
PTI,STK,USD,NASDAQ
PTLA,STK,USD,NASDAQ
PTLC,STK,USD,AMEX
PTN,STK,USD,AMEX
PTON,STK,USD,NASDAQ
PUMP,STK,USD,NYSE
PVG,STK,USD,NYSE
PWR,STK,USD,NYSE
PZZA,STK,USD,NASDAQ
QD,STK,USD,NYSE
QEP,STK,USD,NYSE
QFIN,STK,USD,NASDAQ
QGEN,STK,USD,NYSE
QHC,STK,USD,NYSE
QID,STK,USD,AMEX
QRTEA,STK,USD,NASDAQ
QSR,STK,USD,NYSE
QTS,STK,USD,NYSE
QTT,STK,USD,NASDAQ
QUIK,STK,USD,NASDAQ
QURE,STK,USD,NASDAQ
QYLD,STK,USD,NASDAQ
R,STK,USD,NYSE
RAD,STK,USD,NYSE
RAMP,STK,USD,NYSE
RBA,STK,USD,NYSE
RBS,STK,USD,NYSE
RC,STK,USD,NYSE
RCEL,STK,USD,NASDAQ
RCII,STK,USD,NASDAQ
RCKT,STK,USD,NASDAQ
RCM,STK,USD,NASDAQ
RDFN,STK,USD,NASDAQ
RDN,STK,USD,NYSE
RDS.A,NYSE
RDS.B,NYSE
RDUS,STK,USD,NASDAQ
REAL,STK,USD,NASDAQ
REG,STK,USD,NASDAQ
REGI,STK,USD,NASDAQ
REI,STK,USD,AMEX
RES,STK,USD,NYSE
REXR,STK,USD,NYSE
REZI,STK,USD,NYSE
RF,STK,USD,NYSE
RGNX,STK,USD,NASDAQ
RHI,STK,USD,NYSE
RIG,STK,USD,NYSE
RIGL,STK,USD,NASDAQ
RIO,STK,USD,NYSE
RLGY,STK,USD,NYSE
RLJ,STK,USD,NYSE
RMBS,STK,USD,NASDAQ
RMTI,STK,USD,NASDAQ
ROIC,STK,USD,NASDAQ
ROL,STK,USD,NYSE
ROYT,STK,USD,NYSE
RPAI,STK,USD,NYSE
RRC,STK,USD,NYSE
RSX,STK,USD,AMEX
RTIX,STK,USD,NASDAQ
RTLR,STK,USD,NASDAQ
RTTR,STK,USD,NASDAQ
RUBI,STK,USD,NYSE
RUN,STK,USD,NASDAQ
RVLV,STK,USD,NYSE
RVNC,STK,USD,NASDAQ
RWGE,STK,USD,NYSE
RWT,STK,USD,NYSE
RWX,STK,USD,AMEX
RXN,STK,USD,NYSE
RY,STK,USD,NYSE
RYAM,STK,USD,NYSE
RYN,STK,USD,NYSE
S,STK,USD,NYSE
SABR,STK,USD,NASDAQ
SAEX,STK,USD,NASDAQ
SAGE,STK,USD,NASDAQ
SAIL,STK,USD,NYSE
SAN,STK,USD,NYSE
SAND,STK,USD,AMEX
SAVA,STK,USD,NASDAQ
SAVE,STK,USD,NYSE
SBGI,STK,USD,NASDAQ
SBGL,STK,USD,NYSE
SBH,STK,USD,NYSE
SBRA,STK,USD,NASDAQ
SBS,STK,USD,NYSE
SC,STK,USD,NYSE
SCCO,STK,USD,NYSE
SCHA,STK,USD,AMEX
SCHD,STK,USD,AMEX
SCHE,STK,USD,AMEX
SCHF,STK,USD,AMEX
SCHO,STK,USD,AMEX
SCHP,STK,USD,AMEX
SCHR,STK,USD,AMEX
SCHW,STK,USD,NYSE
SCHX,STK,USD,AMEX
SCHZ,STK,USD,AMEX
SCI,STK,USD,NYSE
SCO,STK,USD,AMEX
SCON,STK,USD,NASDAQ
SCOR,STK,USD,NASDAQ
SCS,STK,USD,NYSE
SCYX,STK,USD,NASDAQ
SCZ,STK,USD,NASDAQ
SDC,STK,USD,NASDAQ
SDOW,STK,USD,AMEX
SDRL,STK,USD,NYSE
SDS,STK,USD,AMEX
SE,STK,USD,NYSE
SEAC,STK,USD,NASDAQ
SEAS,STK,USD,NYSE
SEE,STK,USD,NYSE
SEEL,STK,USD,NASDAQ
SEIC,STK,USD,NASDAQ
SEM,STK,USD,NYSE
SENS,STK,USD,AMEX
SERV,STK,USD,NYSE
SESN,STK,USD,NASDAQ
SFIX,STK,USD,NASDAQ
SFL,STK,USD,NYSE
SFM,STK,USD,NASDAQ
SFNC,STK,USD,NASDAQ
SFUN,STK,USD,NYSE
SGMO,STK,USD,NASDAQ
SGOL,STK,USD,AMEX
SGRY,STK,USD,NASDAQ
SH,STK,USD,AMEX
SHAK,STK,USD,NYSE
SHLL,STK,USD,NYSE
SHO,STK,USD,NYSE
SHOO,STK,USD,NASDAQ
SID,STK,USD,NYSE
SIEN,STK,USD,NASDAQ
SIG,STK,USD,NYSE
SILJ,STK,USD,AMEX
SIRI,STK,USD,NASDAQ
SITC,STK,USD,NYSE
SIX,STK,USD,NYSE
SJI,STK,USD,NYSE
SJNK,STK,USD,AMEX
SKT,STK,USD,NYSE
SKX,STK,USD,NYSE
SLB,STK,USD,NYSE
SLCA,STK,USD,NYSE
SLDB,STK,USD,NASDAQ
SLM,STK,USD,NASDAQ
SLNO,STK,USD,NASDAQ
SLV,STK,USD,AMEX
SM,STK,USD,NYSE
SMAR,STK,USD,NYSE
SMFG,STK,USD,NYSE
SMPL,STK,USD,NASDAQ
SMTA,STK,USD,NYSE
SMTC,STK,USD,NASDAQ
SNAP,STK,USD,NYSE
SNDL,STK,USD,NASDAQ
SNE,STK,USD,NYSE
SNH,STK,USD,NASDAQ
SNNA,STK,USD,NASDAQ
SNSS,STK,USD,NASDAQ
SNV,STK,USD,NYSE
SNY,STK,USD,NASDAQ
SO,STK,USD,NYSE
SOGO,STK,USD,NYSE
SOI,STK,USD,NYSE
SON,STK,USD,NYSE
SONO,STK,USD,NASDAQ
SOXS,STK,USD,AMEX
SPAB,STK,USD,AMEX
SPCE,STK,USD,NYSE
SPDW,STK,USD,AMEX
SPEM,STK,USD,AMEX
SPIB,STK,USD,AMEX
SPLG,STK,USD,AMEX
SPLV,STK,USD,AMEX
SPPI,STK,USD,NASDAQ
SPSB,STK,USD,AMEX
SPSM,STK,USD,AMEX
SPTL,STK,USD,AMEX
SPWH,STK,USD,NASDAQ
SPWR,STK,USD,NASDAQ
SPXL,STK,USD,AMEX
SPXS,STK,USD,AMEX
SPXU,STK,USD,AMEX
SPYD,STK,USD,AMEX
SPYG,STK,USD,AMEX
SPYV,STK,USD,AMEX
SQ,STK,USD,NYSE
SQM,STK,USD,NYSE
SQQQ,STK,USD,NASDAQ
SRC,STK,USD,NYSE
SRCI,STK,USD,AMEX
SRCL,STK,USD,NASDAQ
SRLN,STK,USD,AMEX
SRNE,STK,USD,NASDAQ
SRRA,STK,USD,NASDAQ
SSI,STK,USD,NYSE
SSNC,STK,USD,NASDAQ
SSRM,STK,USD,NASDAQ
SSW,STK,USD,NYSE
ST,STK,USD,NYSE
STAG,STK,USD,NYSE
STAR,STK,USD,NYSE
STAY,STK,USD,NASDAQ
STI,STK,USD,NYSE
STL,STK,USD,NYSE
STLD,STK,USD,NASDAQ
STM,STK,USD,NYSE
STML,STK,USD,NASDAQ
STNE,STK,USD,NASDAQ
STNG,STK,USD,NYSE
STOR,STK,USD,NYSE
STT,STK,USD,NYSE
STWD,STK,USD,NYSE
STX,STK,USD,NASDAQ
SU,STK,USD,NYSE
SUM,STK,USD,NYSE
SUPN,STK,USD,NASDAQ
SUPV,STK,USD,NYSE
SVC,STK,USD,NASDAQ
SVM,STK,USD,AMEX
SVXY,STK,USD,AMEX
SWAV,STK,USD,NASDAQ
SWCH,STK,USD,NYSE
SWN,STK,USD,NYSE
SXC,STK,USD,NYSE
SY,STK,USD,NASDAQ
SYF,STK,USD,NYSE
SYNA,STK,USD,NASDAQ
SYPR,STK,USD,NASDAQ
T,STK,USD,NYSE
TAK,STK,USD,NYSE
TAL,STK,USD,NYSE
TANH,STK,USD,NASDAQ
TAP,STK,USD,NYSE
TBF,STK,USD,AMEX
TBLT,STK,USD,NASDAQ
TBT,STK,USD,AMEX
TCF,STK,USD,NASDAQ
TCO,STK,USD,NYSE
TCOM,STK,USD,NASDAQ
TD,STK,USD,NYSE
TDC,STK,USD,NYSE
TDS,STK,USD,NYSE
TECK,STK,USD,NYSE
TECS,STK,USD,AMEX
TEF,STK,USD,NYSE
TELL,STK,USD,NASDAQ
TEN,STK,USD,NYSE
TENB,STK,USD,NASDAQ
TER,STK,USD,NASDAQ
TERP,STK,USD,NASDAQ
TEUM,STK,USD,NASDAQ
TEVA,STK,USD,NYSE
TEX,STK,USD,NYSE
TGB,STK,USD,AMEX
TGE,STK,USD,NYSE
TGNA,STK,USD,NYSE
TGS,STK,USD,NYSE
TGTX,STK,USD,NASDAQ
THC,STK,USD,NYSE
THO,STK,USD,NYSE
TIVO,STK,USD,NASDAQ
TJX,STK,USD,NYSE
TK,STK,USD,NYSE
TKR,STK,USD,NYSE
TLRA,STK,USD,NYSE
TLRD,STK,USD,NYSE
TLRY,STK,USD,NASDAQ
TLYS,STK,USD,NYSE
TME,STK,USD,NYSE
TMF,STK,USD,AMEX
TMHC,STK,USD,NYSE
TMUS,STK,USD,NASDAQ
TMV,STK,USD,AMEX
TNA,STK,USD,AMEX
TNAV,STK,USD,NASDAQ
TNDM,STK,USD,NASDAQ
TNK,STK,USD,NYSE
TNXP,STK,USD,NASDAQ
TOL,STK,USD,NYSE
TOO,STK,USD,NYSE
TORC,STK,USD,NASDAQ
TOT,STK,USD,NYSE
TPH,STK,USD,NYSE
TPR,STK,USD,NYSE
TPRE,STK,USD,NYSE
TPTX,STK,USD,NASDAQ
TQQQ,STK,USD,NASDAQ
TRGP,STK,USD,NYSE
TRI,STK,USD,NYSE
TRIP,STK,USD,NASDAQ
TRMB,STK,USD,NASDAQ
TRN,STK,USD,NYSE
TRNX,STK,USD,NASDAQ
TROX,STK,USD,NYSE
TRP,STK,USD,NYSE
TRQ,STK,USD,NYSE
TRUE,STK,USD,NASDAQ
TRXC,STK,USD,AMEX
TS,STK,USD,NYSE
TSG,STK,USD,NASDAQ
TSM,STK,USD,NYSE
TSU,STK,USD,NYSE
TTEC,STK,USD,NASDAQ
TTI,STK,USD,NYSE
TTM,STK,USD,NYSE
TTMI,STK,USD,NASDAQ
TTNP,STK,USD,NASDAQ
TU,STK,USD,NYSE
TUFN,STK,USD,NYSE
TUP,STK,USD,NYSE
TUR,STK,USD,NASDAQ
TV,STK,USD,NYSE
TVIX,STK,USD,NASDAQ
TW,STK,USD,NASDAQ
TWI,STK,USD,NYSE
TWM,STK,USD,AMEX
TWNK,STK,USD,NASDAQ
TWO,STK,USD,NYSE
TWOU,STK,USD,NASDAQ
TWTR,STK,USD,NYSE
TXMD,STK,USD,NASDAQ
TXRH,STK,USD,NASDAQ
TXT,STK,USD,NYSE
TYG,STK,USD,NYSE
TZA,STK,USD,AMEX
UA,STK,USD,NYSE
UAA,STK,USD,NYSE
UBER,STK,USD,NYSE
UBS,STK,USD,NYSE
UCO,STK,USD,AMEX
UCTT,STK,USD,NASDAQ
UDR,STK,USD,NYSE
UE,STK,USD,NYSE
UEC,STK,USD,AMEX
UEPS,STK,USD,NASDAQ
UFS,STK,USD,NYSE
UGAZ,STK,USD,AMEX
UGI,STK,USD,NYSE
UGP,STK,USD,NYSE
UIS,STK,USD,NYSE
UL,STK,USD,NYSE
UMC,STK,USD,NYSE
UMPQ,STK,USD,NASDAQ
UN,STK,USD,NYSE
UNFI,STK,USD,NYSE
UNG,STK,USD,AMEX
UNIT,STK,USD,NASDAQ
UNM,STK,USD,NYSE
UNT,STK,USD,NYSE
UNVR,STK,USD,NYSE
UPRO,STK,USD,AMEX
UPWK,STK,USD,NASDAQ
URBN,STK,USD,NASDAQ
USA,STK,USD,NYSE
USB,STK,USD,NYSE
USFD,STK,USD,NYSE
USIG,STK,USD,NASDAQ
USLV,STK,USD,NASDAQ
USMV,STK,USD,AMEX
USO,STK,USD,AMEX
UTF,STK,USD,NYSE
UUUU,STK,USD,AMEX
UVXY,STK,USD,AMEX
UWT,STK,USD,AMEX
VAL,STK,USD,NYSE
VALE,STK,USD,NYSE
VBIV,STK,USD,NASDAQ
VCYT,STK,USD,NASDAQ
VEA,STK,USD,AMEX
VEDL,STK,USD,NYSE
VEON,STK,USD,NASDAQ
VER,STK,USD,NYSE
VET,STK,USD,NYSE
VEU,STK,USD,AMEX
VG,STK,USD,NYSE
VGK,STK,USD,AMEX
VGR,STK,USD,NYSE
VGSH,STK,USD,NASDAQ
VIAC,STK,USD,NASDAQ
VIAV,STK,USD,NASDAQ
VICI,STK,USD,NYSE
VIPS,STK,USD,NYSE
VIRT,STK,USD,NASDAQ
VIST,STK,USD,NYSE
VIV,STK,USD,NYSE
VIVE,STK,USD,NASDAQ
VIVO,STK,USD,NASDAQ
VIXY,STK,USD,AMEX
VKTX,STK,USD,NASDAQ
VLY,STK,USD,NASDAQ
VMBS,STK,USD,NASDAQ
VNDA,STK,USD,NASDAQ
VNET,STK,USD,NASDAQ
VNO,STK,USD,NYSE
VOD,STK,USD,NASDAQ
VOYA,STK,USD,NYSE
VRAY,STK,USD,NASDAQ
VRNT,STK,USD,NASDAQ
VRRM,STK,USD,NASDAQ
VSH,STK,USD,NYSE
VSLR,STK,USD,NYSE
VST,STK,USD,NYSE
VSTM,STK,USD,NASDAQ
VT,STK,USD,AMEX
VTA,STK,USD,NYSE
VTEB,STK,USD,AMEX
VTIP,STK,USD,NASDAQ
VTR,STK,USD,NYSE
VVR,STK,USD,NYSE
VVV,STK,USD,NYSE
VWO,STK,USD,AMEX
VXUS,STK,USD,NASDAQ
VXX,STK,USD,AMEX
VYGR,STK,USD,NASDAQ
VZ,STK,USD,NYSE
WAB,STK,USD,NYSE
WAIR,STK,USD,NYSE
WB,STK,USD,NASDAQ
WBA,STK,USD,NASDAQ
WBT,STK,USD,NYSE
WCC,STK,USD,NYSE
WDC,STK,USD,NASDAQ
WDR,STK,USD,NYSE
WEN,STK,USD,NASDAQ
WES,STK,USD,NYSE
WETF,STK,USD,NASDAQ
WFC,STK,USD,NYSE
WGO,STK,USD,NYSE
WH,STK,USD,NYSE
WIFI,STK,USD,NASDAQ
WIT,STK,USD,NYSE
WKHS,STK,USD,NASDAQ
WLL,STK,USD,NYSE
WMB,STK,USD,NYSE
WMGI,STK,USD,NASDAQ
WORK,STK,USD,NYSE
WPG,STK,USD,NYSE
WPM,STK,USD,NYSE
WPRT,STK,USD,NASDAQ
WPX,STK,USD,NYSE
WRB,STK,USD,NYSE
WRI,STK,USD,NYSE
WRK,STK,USD,NYSE
WSM,STK,USD,NYSE
WTI,STK,USD,NYSE
WTMF,STK,USD,AMEX
WTR,STK,USD,NYSE
WTRH,STK,USD,NASDAQ
WU,STK,USD,NYSE
WUBA,STK,USD,NYSE
WW,STK,USD,NASDAQ
WWE,STK,USD,NYSE
WY,STK,USD,NYSE
WYND,STK,USD,NYSE
X,STK,USD,NYSE
XBIO,STK,USD,NASDAQ
XEC,STK,USD,NYSE
XEL,STK,USD,NASDAQ
XELA,STK,USD,NASDAQ
XES,STK,USD,AMEX
XHB,STK,USD,AMEX
XHR,STK,USD,NYSE
XLB,STK,USD,AMEX
XLC,STK,USD,AMEX
XLE,STK,USD,AMEX
XLF,STK,USD,AMEX
XLP,STK,USD,AMEX
XLRE,STK,USD,AMEX
XLRN,STK,USD,NASDAQ
XLU,STK,USD,AMEX
XME,STK,USD,AMEX
XOG,STK,USD,NASDAQ
XOM,STK,USD,NYSE
XON,STK,USD,NASDAQ
XOP,STK,USD,AMEX
XRAY,STK,USD,NASDAQ
XRT,STK,USD,AMEX
XRX,STK,USD,NYSE
XXII,STK,USD,AMEX
XYL,STK,USD,NYSE
YAYO,STK,USD,NASDAQ
YELP,STK,USD,NYSE
YETI,STK,USD,NYSE
YEXT,STK,USD,NYSE
YINN,STK,USD,AMEX
YNDX,STK,USD,NASDAQ
YPF,STK,USD,NYSE
YRCW,STK,USD,NASDAQ
YTEN,STK,USD,NASDAQ
YUMC,STK,USD,NYSE
YY,STK,USD,NASDAQ
Z,STK,USD,NASDAQ
ZAYO,STK,USD,NYSE
ZEN,STK,USD,NYSE
ZGNX,STK,USD,NASDAQ
ZION,STK,USD,NASDAQ
ZIOP,STK,USD,NASDAQ
ZIXI,STK,USD,NASDAQ
ZM,STK,USD,NASDAQ
ZN,STK,USD,NASDAQ
ZNGA,STK,USD,NASDAQ
ZS,STK,USD,NASDAQ
ZSL,STK,USD,AMEX
ZTO,STK,USD,NYSE
ZUMZ,STK,USD,NASDAQ
ZUO,STK,USD,NYSE
